,Options Count,Carr PV,Carr RMSE
0,5.0,0.2253242190616309,0.008131247075325485
1,9.0,0.224698280217914,0.004484742091824549
2,15.0,0.22461942165016918,0.0027024785863823293
3,21.0,0.22461776060424166,0.0018624279000517398
