,Options Count,Carr PV,Carr RMSE
0,5.0,7.024641968021405,0.5739591492072124
1,9.0,7.093141745957973,0.3069054089715687
2,15.0,7.097793304115728,0.1889573523377705
3,21.0,7.097906373770898,0.12951767907021144
