,PV,NN RMSE,Calls Count,Puts Count,Fwds Count,Nulls Count
1,7.072495880228882,0.24865516012545053,5.0,0.0,0.0,10.0
2,7.115472427023882,0.10122610248787153,8.0,0.0,1.0,6.0
3,7.125012046884805,0.15525678976954613,11.0,0.0,0.0,4.0
4,7.121722602036044,0.0744227088101677,10.0,0.0,0.0,5.0
