,PV,NN RMSE,Calls Count,Puts Count,Fwds Count,Nulls Count
1,7.086630123776969,0.24690630865718585,5.0,0.0,0.0,10.0
2,7.087194375128677,0.09185471145670238,10.0,0.0,0.0,5.0
3,7.099094538285765,0.08864250715421682,9.0,0.0,0.0,6.0
4,7.161566677533251,0.1583586189779814,7.0,0.0,0.0,8.0
